original_code,reformulation,is_valid
"c = 1
d = 6
d = 9
c = 0
if d < d :
	print(d)
else :
	print(c)","d = 6
d = 9
print(c)",False
"d = 6
e = 4
if  e == e :
	print(d)
elif not d < 9 :
	print(d)
else :
	print(d)","e = 4
print(d)",False
"c = 2
a = 7
c = 0
d = 5
e = 2
if d <= d :
	print(e)
elif  a >= 6 :
	print(c)
else :
	print(a)","d = 5
print(e)",False
"e = 7
d = 4
e = 0
c = 4
a = 3
c = 9
if d == d :
	print(c)","d = 4
print(c)",False
"a = 1
d = 0
c = 6
if  c == c :
	print(d)","c = 6
print(d)",False
"b = 1
a = 4
b = 2
if b <= b :
	print(a)","b = 1
b = 2
print(a)",False
"d = 8
c = 5
if d == d :
	print(c)
else :
	print(c)","d = 8
print(c)",False
"a = 3
c = 3
if not c < c :
	print(a)","c = 3
print(a)",False
"a = 1
b = 0
if not b < b :
	print(a)
else :
	print(b)","b = 0
print(a)",False
"a = 8
c = 0
b = 1
e = 4
d = 4
if a <= 4 :
	print(b)
elif b > b :
	print(c)
else :
	print(e)","a = 8
b = 1
if a <= 4:
    print(b)
else:
    print(e)",False
"c = 7
e = 1
if e >= e :
	print(c)
else :
	print(e)","e = 1
print(c)",False
"a = 5
c = 4
d = 9
d = 4
a = 2
if not a != a :
	print(c)","a = 5
a = 2
print(c)",False
"c = 5
a = 2
b = 9
d = 5
if not b >= b :
	print(a)
else :
	print(d)","b = 9
print(d)",False
"b = 9
c = 3
e = 8
if  e <= e :
	print(c)","e = 8
print(c)",False
"e = 5
c = 4
if  e == e :
	print(c)","e = 5
print(c)",False
"d = 4
a = 0
if d == d :
	print(a)
else :
	print(a)","d = 4
print(a)",False
"e = 9
c = 5
if  e >= e :
	print(c)
elif not c != c :
	print(e)
else :
	print(e)","e = 9
print(c)",False
"d = 2
d = 3
e = 6
a = 5
e = 3
e = 3
if a >= a :
	print(d)
else :
	print(a)","a = 5
print(d)",False
"b = 8
c = 9
if not b > b :
	print(c)
elif b < b :
	print(c)
else :
	print(b)","b = 8
print(c)",False
"e = 1
d = 0
a = 0
c = 8
c = 0
if  a != a :
	print(e)
else :
	print(c)","a = 0
print(c)",False
"e = 4
b = 4
c = 0
if e != e :
	print(e)
else :
	print(b)","e = 4
print(b)",False
"b = 5
a = 2
if not b == b :
	print(a)
else :
	print(a)","b = 5
print(a)",False
"c = 0
e = 7
e = 0
d = 7
if e >= e :
	print(d)
elif  e <= e :
	print(c)
else :
	print(e)","e = 7
e = 0
print(d)",False
"c = 6
c = 2
b = 4
if c >= c :
	print(b)","c = 6
c = 2
print(b)",False
"a = 9
c = 9
if  a == a :
	print(c)
else :
	print(c)","a = 9
print(c)",False
"d = 3
e = 7
d = 0
if e == e :
	print(d)","e = 7
print(d)",False
"a = 3
e = 8
a = 6
d = 4
e = 5
if e < e :
	print(e)
else :
	print(a)","e = 8
e = 5
print(a)",False
"e = 0
c = 0
if not e < e :
	print(c)
else :
	print(c)","e = 0
print(c)",False
"c = 6
d = 8
d = 9
if c >= c :
	print(d)
else :
	print(c)","c = 6
print(d)",False
"a = 0
e = 8
if a != a :
	print(a)
else :
	print(e)","a = 0
print(e)",False
"c = 2
b = 2
if not b < b :
	print(c)
else :
	print(c)","b = 2
print(c)",False
"e = 5
a = 4
if  e > e :
	print(e)
else :
	print(a)","e = 5
print(a)",False
"b = 3
e = 8
c = 1
c = 0
e = 4
e = 4
if  c > c :
	print(e)
else :
	print(b)","c = 1
c = 0
print(b)",False
"d = 2
c = 8
b = 1
if  c == c :
	print(d)
elif d == b :
	print(c)
else :
	print(d)","c = 8
print(d)",False
"a = 4
d = 5
e = 2
if  d >= d :
	print(a)
elif not e < a :
	print(a)
else :
	print(a)","d = 5
print(a)",False
"d = 3
c = 9
c = 0
if  c > c :
	print(c)
else :
	print(d)","c = 9
c = 0
print(d)",False
"b = 7
a = 8
if a <= 4 :
	print(a)
elif not a > a :
	print(b)
else :
	print(b)","a = 8
if a <= 4:
    print(a)
else:
    print(b)",False
"d = 6
c = 3
if not d < d :
	print(c)
else :
	print(c)","d = 6
print(c)",False
"e = 3
c = 2
b = 5
if c > c :
	print(e)
else :
	print(b)","c = 2
print(b)",False
"c = 7
b = 2
b = 1
c = 2
if  c < c :
	print(b)
else :
	print(b)","c = 7
c = 2
print(b)",False
"c = 4
e = 0
a = 1
if  c < c :
	print(c)
else :
	print(a)","c = 4
print(a)",False
"a = 4
b = 6
b = 5
b = 1
if a == a :
	print(b)
else :
	print(b)","a = 4
print(b)",False
